"","Estimate","SE"
"elpd_waic",-782.449459838906,10.6618435158828
"p_waic",55.7306682404837,1.8164338618172
"waic",1564.89891967781,21.3236870317656
