"","Estimate","SE"
"elpd_waic",-755.06534190171,10.6379621941524
"p_waic",56.8187706355774,1.83015298028357
"waic",1510.13068380342,21.2759243883048
