"","Estimate","SE"
"elpd_waic",-781.665177169203,10.5796468397989
"p_waic",58.596266530989,1.89406550722882
"waic",1563.33035433841,21.1592936795979
