"","Estimate","SE"
"elpd_waic",-784.431166712314,10.6255796519858
"p_waic",56.2671228102422,1.81754920552162
"waic",1568.86233342463,21.2511593039717
