"","Estimate","SE"
"elpd_waic",-791.630863679524,10.4515924963109
"p_waic",57.8931946912087,1.84889579230085
"waic",1583.26172735905,20.9031849926219
