"","Estimate","SE"
"elpd_waic",-751.740816439316,10.7326515654458
"p_waic",55.2920964669216,1.8065377646988
"waic",1503.48163287863,21.4653031308916
