"","Estimate","SE"
"elpd_waic",-766.183798777181,10.5019883901813
"p_waic",56.5048280317468,1.79325697430652
"waic",1532.36759755436,21.0039767803626
