"","Estimate","SE"
"elpd_waic",-782.723980723923,10.5019123170195
"p_waic",59.7561756779895,1.91934879083013
"waic",1565.44796144785,21.003824634039
