"","Estimate","SE"
"elpd_waic",-780.002056076435,10.7378566823566
"p_waic",55.9580233469752,1.8464205472322
"waic",1560.00411215287,21.4757133647132
