"","Estimate","SE"
"elpd_waic",-774.90090110073,10.846685801831
"p_waic",55.3674620284283,1.85586252306305
"waic",1549.80180220146,21.693371603662
