"","Estimate","SE"
"elpd_waic",-749.393864355699,11.0969962204239
"p_waic",60.6563780067395,2.1838608888598
"waic",1498.7877287114,22.1939924408478
