"","Estimate","SE"
"elpd_waic",-783.605132487471,10.5994056710892
"p_waic",57.6846011773414,1.86334615481413
"waic",1567.21026497494,21.1988113421784
