"","Estimate","SE"
"elpd_waic",-778.994422953458,10.5143214054934
"p_waic",61.1570453092504,1.99080379767178
"waic",1557.98884590692,21.0286428109869
