"","Estimate","SE"
"elpd_waic",-770.157557761621,10.8338108281699
"p_waic",58.1282048602008,1.98117384692719
"waic",1540.31511552324,21.6676216563399
