"","Estimate","SE"
"elpd_waic",-781.109745855227,10.4337976578152
"p_waic",62.2739630317892,2.01946028678292
"waic",1562.21949171045,20.8675953156304
